title,company,location,link
2020 Market Data Analyst - Seoul (Korean Speaker),Bloomberg,서울,https://www.indeed.com/viewjob?jk=212ca67d161b7162
"Customer Engagement Specialist
new",Sanofi,서울,https://www.indeed.com/viewjob?jk=bb76e00964d6cec6
Software Engineer,Google,서울,https://www.indeed.com/viewjob?jk=d2df92c32bd4a203
"[TmaxAI/R&D] AI본부 R&D 개발 연구원 신입/경력 (병역특례...
new",티맥스소프트,서울,https://www.indeed.com/viewjob?jk=dea33f0db5160c11
"ICT 분야별 개발자
new",케이뱅크은행,서울 종로구,https://www.indeed.com/viewjob?jk=fd9bd0fcbf5c454a
Machine Learning Researcher (Intern),Qualcomm Korea YH,서울,https://www.indeed.com/viewjob?jk=0f7993638aee82bd
[Clova] Clova AI 인재,네이버,서울,https://www.indeed.com/viewjob?jk=92bd400e3b5306ba
AI/빅데이터/클라우드 분야 (인재 Pool),LG유플러스,서울,https://www.indeed.com/viewjob?jk=fb617eeb80ea6fa9
Software Engineer Intern,Intel,서울,https://www.indeed.com/viewjob?jk=153b61bfd2b5f9d1
"씨젠 2020년 하반기
new",씨젠,서울 송파구,https://www.indeed.com/viewjob?jk=15e577c4d57aaee8
"[서울시뉴딜사업] IoT/빅데이터 분야 교육생
new",사단법인 한국벰스협회,서울 구로구,https://www.indeed.com/viewjob?jk=b40498e72bdbc8a1
iOS Developer,Bepro Company,서울,https://www.indeed.com/viewjob?jk=297e6568c740f98e
iOS Developer,Bepro Company,서울,https://www.indeed.com/viewjob?jk=297e6568c740f98e
"Vertica Specialist Engineer
new",Micro Focus,서울,https://www.indeed.com/viewjob?jk=b6b98977de0c5bd5
Deep Learning Engineer Intern,Intel,서울,https://www.indeed.com/viewjob?jk=0b020b7dde41a326
하나손해보험 경력직,하나손해보험,서울 종로구,https://www.indeed.com/viewjob?jk=0c07d097f996104e
"[그룹계열사 대기업] Data Analysis (통계 머신러닝 AI 모형...
new",제이앤피에이치알컨설팅,서울,https://www.indeed.com/viewjob?jk=c88668ea065cd5bc
[전문연구요원] 상시,네이버,서울,https://www.indeed.com/viewjob?jk=b79c2ae536063b01
Machine Learning Researcher – On-device...,Qualcomm Korea YH,서울,https://www.indeed.com/viewjob?jk=c2f5f53dc48263eb
"서울 용산구) 응용 프로그래머 (JAVA, Python, C언어)
new",심네트,서울 용산구,https://www.indeed.com/viewjob?jk=7af042b41250c1be
Developer / Designer recruit,마이뮤직테이스트,서울 논현동,https://www.indeed.com/viewjob?jk=55a19c92c845685e
"데이터 엔지니어
new",리디,서울,https://www.indeed.com/viewjob?jk=770a8ea269abb47a
2020 Market Data Analyst - Seoul (Korean Speaker),Bloomberg,서울,https://www.indeed.com/viewjob?jk=212ca67d161b7162
"정보보안 담당자
new",Nexon,성남 분당구,https://www.indeed.com/viewjob?jk=eeb9fe1c361f0758
"빅데이터 분석 기술인력
new",한국정보기술단,과천 과천시,https://www.indeed.com/viewjob?jk=3cc384be4fd74af2
"[S/W] Data Scientist
new",현대자동차그룹,서울 강남구,https://www.indeed.com/viewjob?jk=08e8e3177f433432
Data Scientist,Boston Consulting Group,서울,https://www.indeed.com/viewjob?jk=ce6747e77c861c46
"Application Developer
new",TAPICK,서울 영등포구,https://www.indeed.com/viewjob?jk=db6177ed9e1f9408
NAVER IDC 서버 운영/관리(가산),NIT Service,서울 가산동,https://www.indeed.com/viewjob?jk=70fccff4d30cb6bf
Security Engineer (취약점 분석),Toss,서울 강남구,https://www.indeed.com/viewjob?jk=96688eea9c1a9e28
"백엔드 엔지니어
new",리디,서울,https://www.indeed.com/viewjob?jk=47ceedd7be3734b9
"[7급 공무원] ICT 인공지능 분야 일반임기제공무원
new",강남구청,서울 강남구,https://www.indeed.com/viewjob?jk=f6610682b383e5f1
분석지원팀 - 데이터 분석가,Nexon,성남 분당구,https://www.indeed.com/viewjob?jk=4233609a843b5e96
영상처리 개발자 각 부문 (Verilog / SW / Unity),엠앤앤에이치,서울 성동구,https://www.indeed.com/viewjob?jk=0f664927507e6f96
"금융 데이터 분석 엔진, 로보어드바이저 개발자",에스비씨엔,서울 영등포구,https://www.indeed.com/viewjob?jk=649ccf047c868778
AI/ 음성인식/ 차량보안/ 빅데이터/ IoT 등 R&D 부문 경력,현대오토에버,서울 강남구,https://www.indeed.com/viewjob?jk=483b5c30ed9ccb06
2020 KB데이타시스템 경력직 상시,KB데이타시스템,서울 마포구,https://www.indeed.com/viewjob?jk=28fe1c7cb71014dc
8퍼센트 경력 개발자,8퍼센트,서울 종로구,https://www.indeed.com/viewjob?jk=464ef95516a5fa5c
Staff AE,Synopsys,서울,https://www.indeed.com/viewjob?jk=c388192aa3ac0634
보험 신규사업 비즈니스 분야 담당자 영입,카카오페이,성남 분당구,https://www.indeed.com/viewjob?jk=e30f23f4f814b717
[인재풀] 아티스트,Electronic Arts,서울,https://www.indeed.com/viewjob?jk=aac8e9355cb855ac
백엔드 개발자(데이터 엔지니어) - Junior,유저해빗,서울 마포구,https://www.indeed.com/viewjob?jk=0d5c5371dd25b265
Business Data Analyst(Hakuna),하이퍼커넥트,서울,https://www.indeed.com/viewjob?jk=09771a6f79b71060
Junior Quant Trader,Byzantine Partners,서울,https://www.indeed.com/viewjob?jk=25725b3c0e607311
Data Analyst,레이니스트,서울,https://www.indeed.com/viewjob?jk=e5ca14de265f7fc9
Solutions Engineer,Confluent,서울,https://www.indeed.com/viewjob?jk=6a399a2c059ebbb1
Python 개발자 (프리랜서),엔제로,안양 동안구,https://www.indeed.com/viewjob?jk=97cebbaa4d8b10d3
"[펜타시큐리티] 보안S/W 개발자 (DB, 인증, 클라우드)",펜타시큐리티시스템,서울 영등포구,https://www.indeed.com/viewjob?jk=27ab02ccdab08e0d
[피파온라인4] 소프트웨어 엔지니어,Electronic Arts,서울,https://www.indeed.com/viewjob?jk=1cf825d234463890
8퍼센트 개발자 (신입/경력),8퍼센트,서울 종로구,https://www.indeed.com/viewjob?jk=8af26b37623864c4
"JAVA, Python 외 신입/경력 정규직, 계약직",여니,경기도 의왕,https://www.indeed.com/viewjob?jk=3faad1cd7ea60ffd
(주)신세계아이앤씨 경력사원 상시,신세계아이앤씨,서울 중구,https://www.indeed.com/viewjob?jk=9debec4c7f511ec8
"[Search] 파파고 머신러닝(자연어처리, 컴퓨터비전) 엔지니어 (신입...",네이버,서울,https://www.indeed.com/viewjob?jk=5522b833067096a2
2020 Market Data Analyst - Seoul (Korean Speaker),Bloomberg,서울,https://www.indeed.com/viewjob?jk=212ca67d161b7162
"금융 데이터 분석 엔진, 로보어드바이저 개발자",에스비씨엔,서울 영등포구,https://www.indeed.com/viewjob?jk=649ccf047c868778
AI/ 음성인식/ 차량보안/ 빅데이터/ IoT 등 R&D 부문 경력,현대오토에버,서울 강남구,https://www.indeed.com/viewjob?jk=483b5c30ed9ccb06
2020 KB데이타시스템 경력직 상시,KB데이타시스템,서울 마포구,https://www.indeed.com/viewjob?jk=28fe1c7cb71014dc
8퍼센트 경력 개발자,8퍼센트,서울 종로구,https://www.indeed.com/viewjob?jk=464ef95516a5fa5c
Staff AE,Synopsys,서울,https://www.indeed.com/viewjob?jk=c388192aa3ac0634
보험 신규사업 비즈니스 분야 담당자 영입,카카오페이,성남 분당구,https://www.indeed.com/viewjob?jk=e30f23f4f814b717
[인재풀] 아티스트,Electronic Arts,서울,https://www.indeed.com/viewjob?jk=aac8e9355cb855ac
백엔드 개발자(데이터 엔지니어) - Junior,유저해빗,서울 마포구,https://www.indeed.com/viewjob?jk=0d5c5371dd25b265
Business Data Analyst(Hakuna),하이퍼커넥트,서울,https://www.indeed.com/viewjob?jk=09771a6f79b71060
Junior Quant Trader,Byzantine Partners,서울,https://www.indeed.com/viewjob?jk=25725b3c0e607311
iOS Developer,Bepro Company,서울,https://www.indeed.com/viewjob?jk=297e6568c740f98e
